{
  "display": {
    "title": "Respawn Mobs & Loot",
    "description": "After a certain amount of time, all looted chests will be restored, and empty land is repopulated with animals.",
    "icon": {
      "id": "minecraft:chest"
    },
    "background": "minecraft:textures/block/gray_concrete_powder.png",
    "show_toast": false,
    "announce_to_chat": false
  },
  "parent": "global:category_world_generation",
  "criteria": {
    "trigger": {
      "trigger": "minecraft:impossible"
    }
  }
}