{
  "criteria": {
    "crit_2": {
      "trigger": "minecraft:player_generates_container_loot",
	  "conditions": {
        "loot_table": "minecraft:chests/ancient_city"
      }
    },
    "crit_3": {
      "trigger": "minecraft:player_generates_container_loot",
	  "conditions": {
        "loot_table": "minecraft:chests/ancient_city_ice_box"
      }
    },
    "crit_4": {
      "trigger": "minecraft:player_generates_container_loot",
	  "conditions": {
        "loot_table": "minecraft:chests/bastion_bridge"
      }
    },
    "crit_5": {
      "trigger": "minecraft:player_generates_container_loot",
	  "conditions": {
        "loot_table": "minecraft:chests/bastion_hoglin_stable"
      }
    },
    "crit_6": {
      "trigger": "minecraft:player_generates_container_loot",
	  "conditions": {
        "loot_table": "minecraft:chests/bastion_other"
      }
    },
    "crit_7": {
      "trigger": "minecraft:player_generates_container_loot",
	  "conditions": {
        "loot_table": "minecraft:chests/bastion_treasure"
      }
    },
    "crit_8": {
      "trigger": "minecraft:player_generates_container_loot",
	  "conditions": {
        "loot_table": "minecraft:chests/buried_treasure"
      }
    },
    "crit_9": {
      "trigger": "minecraft:player_generates_container_loot",
	  "conditions": {
        "loot_table": "minecraft:chests/desert_pyramid"
      }
    },
    "crit_10": {
      "trigger": "minecraft:player_generates_container_loot",
	  "conditions": {
        "loot_table": "minecraft:chests/end_city_treasure"
      }
    },
    "crit_11": {
      "trigger": "minecraft:player_generates_container_loot",
	  "conditions": {
        "loot_table": "minecraft:chests/igloo_chest"
      }
    },
    "crit_12": {
      "trigger": "minecraft:player_generates_container_loot",
	  "conditions": {
        "loot_table": "minecraft:chests/jungle_temple"
      }
    },
    "crit_14": {
      "trigger": "minecraft:player_generates_container_loot",
	  "conditions": {
        "loot_table": "minecraft:chests/nether_bridge"
      }
    },
    "crit_15": {
      "trigger": "minecraft:player_generates_container_loot",
	  "conditions": {
        "loot_table": "minecraft:chests/pillager_outpost"
      }
    },
    "crit_16": {
      "trigger": "minecraft:player_generates_container_loot",
	  "conditions": {
        "loot_table": "minecraft:chests/ruined_portal"
      }
    },
    "crit_17": {
      "trigger": "minecraft:player_generates_container_loot",
	  "conditions": {
        "loot_table": "minecraft:chests/shipwreck_map"
      }
    },
    "crit_18": {
      "trigger": "minecraft:player_generates_container_loot",
	  "conditions": {
        "loot_table": "minecraft:chests/shipwreck_supply"
      }
    },
    "crit_19": {
      "trigger": "minecraft:player_generates_container_loot",
	  "conditions": {
        "loot_table": "minecraft:chests/shipwreck_treasure"
      }
    },
    "crit_20": {
      "trigger": "minecraft:player_generates_container_loot",
	  "conditions": {
        "loot_table": "minecraft:chests/simple_dungeon"
      }
    },
    "crit_21": {
      "trigger": "minecraft:player_generates_container_loot",
	  "conditions": {
        "loot_table": "minecraft:chests/spawn_bonus_chest"
      }
    },
    "crit_22": {
      "trigger": "minecraft:player_generates_container_loot",
	  "conditions": {
        "loot_table": "minecraft:chests/stronghold_corridor"
      }
    },
    "crit_23": {
      "trigger": "minecraft:player_generates_container_loot",
	  "conditions": {
        "loot_table": "minecraft:chests/stronghold_crossing"
      }
    },
    "crit_24": {
      "trigger": "minecraft:player_generates_container_loot",
	  "conditions": {
        "loot_table": "minecraft:chests/stronghold_library"
      }
    },
    "crit_25": {
      "trigger": "minecraft:player_generates_container_loot",
	  "conditions": {
        "loot_table": "minecraft:chests/underwater_ruin_big"
      }
    },
    "crit_26": {
      "trigger": "minecraft:player_generates_container_loot",
	  "conditions": {
        "loot_table": "minecraft:chests/underwater_ruin_small"
      }
    },
    "crit_27": {
      "trigger": "minecraft:player_generates_container_loot",
	  "conditions": {
        "loot_table": "minecraft:chests/village/village_armorer"
      }
    },
    "crit_28": {
      "trigger": "minecraft:player_generates_container_loot",
	  "conditions": {
        "loot_table": "minecraft:chests/village/village_butcher"
      }
    },
    "crit_29": {
      "trigger": "minecraft:player_generates_container_loot",
	  "conditions": {
        "loot_table": "minecraft:chests/village/village_cartographer"
      }
    },
    "crit_30": {
      "trigger": "minecraft:player_generates_container_loot",
	  "conditions": {
        "loot_table": "minecraft:chests/village/village_desert_house"
      }
    },
    "crit_31": {
      "trigger": "minecraft:player_generates_container_loot",
	  "conditions": {
        "loot_table": "minecraft:chests/village/village_fisher"
      }
    },
    "crit_32": {
      "trigger": "minecraft:player_generates_container_loot",
	  "conditions": {
        "loot_table": "minecraft:chests/village/village_fletcher"
      }
    },
    "crit_33": {
      "trigger": "minecraft:player_generates_container_loot",
	  "conditions": {
        "loot_table": "minecraft:chests/village/village_mason"
      }
    },
    "crit_34": {
      "trigger": "minecraft:player_generates_container_loot",
	  "conditions": {
        "loot_table": "minecraft:chests/village/village_plains_house"
      }
    },
    "crit_35": {
      "trigger": "minecraft:player_generates_container_loot",
	  "conditions": {
        "loot_table": "minecraft:chests/village/village_savanna_house"
      }
    },
    "crit_36": {
      "trigger": "minecraft:player_generates_container_loot",
	  "conditions": {
        "loot_table": "minecraft:chests/village/village_shepherd"
      }
    },
    "crit_37": {
      "trigger": "minecraft:player_generates_container_loot",
	  "conditions": {
        "loot_table": "minecraft:chests/village/village_snowy_house"
      }
    },
    "crit_38": {
      "trigger": "minecraft:player_generates_container_loot",
	  "conditions": {
        "loot_table": "minecraft:chests/village/village_taiga_house"
      }
    },
    "crit_39": {
      "trigger": "minecraft:player_generates_container_loot",
	  "conditions": {
        "loot_table": "minecraft:chests/village/village_tannery"
      }
    },
    "crit_40": {
      "trigger": "minecraft:player_generates_container_loot",
	  "conditions": {
        "loot_table": "minecraft:chests/village/village_temple"
      }
    },
    "crit_41": {
      "trigger": "minecraft:player_generates_container_loot",
	  "conditions": {
        "loot_table": "minecraft:chests/village/village_toolsmith"
      }
    },
    "crit_42": {
      "trigger": "minecraft:player_generates_container_loot",
	  "conditions": {
        "loot_table": "minecraft:chests/village/village_weaponsmith"
      }
    },
    "crit_43": {
      "trigger": "minecraft:player_generates_container_loot",
	  "conditions": {
        "loot_table": "minecraft:chests/woodland_mansion"
      }
    }
  },
  "requirements": [
	[
	  "crit_2",
	  "crit_3",
	  "crit_4",
	  "crit_5",
	  "crit_6",
	  "crit_7",
	  "crit_8",
	  "crit_9",
	  "crit_10",
	  "crit_11",
	  "crit_12",
	  "crit_14",
	  "crit_15",
	  "crit_16",
	  "crit_17",
	  "crit_18",
	  "crit_19",
	  "crit_20",
	  "crit_21",
	  "crit_22",
	  "crit_23",
	  "crit_24",
	  "crit_25",
	  "crit_26",
	  "crit_27",
	  "crit_28",
	  "crit_29",
	  "crit_30",
	  "crit_31",
	  "crit_32",
	  "crit_33",
	  "crit_34",
	  "crit_35",
	  "crit_36",
	  "crit_37",
	  "crit_38",
	  "crit_39",
	  "crit_40",
	  "crit_41",
	  "crit_42",
	  "crit_43"
	]
  ],
  "rewards": {
    "function": "loot:open/main"
  }
}
